BAIRRO_NORMALIZADO;DISTRITO_UNIDADE
ABERTA DOS MORROS;SUL
AGRONOMIA;PARTENON
ANCHIETA;HUMAITA/NAVEGANTES
ARQUIPELAGO;ILHAS
AUXILIADORA;NOROESTE
AZENHA;CENTRO SUL
BELA VISTA;NOROESTE
BELEM NOVO;EXTREMO SUL
BELEM VELHO;GLORIA
BOA VISTA;NOROESTE
BOA VISTA DO SUL;EXTREMO SUL
BOM FIM;CENTRAL
BOM JESUS;LESTE
CAMAQUA;CENTRO SUL
CAMPO NOVO;CENTRO SUL
CASCATA;GLORIA
CAVALHADA;CENTRO SUL
CEL. APARICIO BORGES;PARTENON
CENTRO;CENTRAL
CENTRO HISTORICO;CENTRAL
CHACARA DAS PEDRAS;LESTE
CHAPEU DO SOL;EXTREMO SUL
CIDADE BAIXA;CENTRAL
CORONEL APARICIO BORGES;PARTENON
COSTA E SILVA;EIXO BALTAZAR
CRISTAL;CRISTAL
CRISTO REDENTOR;NOROESTE
ESPIRITO SANTO;SUL
EXTREMA;EXTREMO SUL
FARRAPOS;HUMAITA/NAVEGANTES
FARROUPILHA;CENTRAL
FLORESTA;CENTRAL
GLORIA;GLORIA
GUARUJA;SUL
HIGIENOPOLIS;NOROESTE
HIPICA;SUL
HUMAITA;HUMAITA/NAVEGANTES
INDEPENDENCIA;CENTRAL
IPANEMA;SUL
JARDIM BOTANICO;PARTENON
JARDIM CARVALHO;LESTE
JARDIM DO SALSO;LESTE
JARDIM EUROPA;NOROESTE
JARDIM FLORESTA;NOROESTE
JARDIM ISABEL;SUL
JARDIM ITU;EIXO BALTAZAR
JARDIM ITU-SABARA;EIXO BALTAZAR
JARDIM LEOPOLDINA;EIXO BALTAZAR
JARDIM LINDOIA;NOROESTE
JARDIM SABARA;LESTE
JARDIM SAO PEDRO;NOROESTE
LAGEADO;EXTREMO SUL
LAMI;EXTREMO SUL
LOMBA DO PINHEIRO;LOMBA DO PINHEIRO
MARIO QUINTANA;NORDESTE
MEDIANEIRA;CRUZEIRO
MENINO DEUS;CENTRO SUL
MOINHOS DE VENTO;NOROESTE
MONTSERRAT;NOROESTE
MORRO SANTANA;LESTE
NAVEGANTES;HUMAITA/NAVEGANTES
NONOAI;CENTRO SUL
PARQUE SANTA FE;EIXO BALTAZAR
PARTENON;PARTENON
PASSO D'AREIA;NOROESTE
PASSO DA AREIA;NOROESTE
PASSO DAS PEDRAS;EIXO BALTAZAR
PEDRA REDONDA;SUL
PETROPOLIS;LESTE
PITINGA;RESTINGA
PONTA GROSSA;EXTREMO SUL
PRAIA DE BELAS;CENTRO SUL
RESTINGA;RESTINGA
RIO BRANCO;NOROESTE
RUBEM BERTA;EIXO BALTAZAR
SANTA CECILIA;LESTE
SANTA MARIA GORETTI;NOROESTE
SANTA ROSA DE LIMA;NORTE
SANTA TEREZA;CRUZEIRO
SANTANA;CENTRAL
SANTO ANTONIO;PARTENON
SAO CAETANO;EXTREMO SUL
SAO GERALDO;HUMAITA/NAVEGANTES
SAO JOAO;NOROESTE
SAO JOSE;PARTENON
SAO SEBASTIAO;NOROESTE
SARANDI;NORTE
SERRARIA;SUL
SETIMO CEU;SUL
TERESOPOLIS;CENTRO SUL
TRES FIGUEIRAS;LESTE
TRISTEZA;SUL
VILA ASSUNCAO;SUL
VILA CONCEICAO;SUL
VILA IPIRANGA;NOROESTE
VILA JARDIM;LESTE
VILA JOAO PESSOA;PARTENON
VILA NOVA;CENTRO SUL
VILA SAO JOSE;PARTENON
