ID_UNID_AT,NOME_UNIDADE,BAIRRO,FONTE_BAIRRO
423947,IPARGS,Passo da Areia,CNES/DATASUS
433594,CLINICA DA FAMILIA ALVARO DIFINI,Restinga,CNES/DATASUS ou Prefeitura de Porto Alegre (consulta atual)
507237,HOSPITAL HUMANIZA,Independência,CNES/DATASUS ou Prefeitura de Porto Alegre (consulta atual)
804959,SAUDE PRISIONAL PEPOA,Partenon,CNES/DATASUS
2237121,HOSPITAL SANATORIO PARTENON,Partenon,CNES/DATASUS
2237148,PRONTO ATENDIMENTO CRUZEIRO DO SUL,Santa Tereza,CNES/DATASUS
2237180,HEPA,Teresópolis,CNES/DATASUS ou Prefeitura de Porto Alegre (consulta atual)
2237210,UNIDADE DE SAUDE TIMBAUVA,Mário Quintana,CNES/DATASUS ou Prefeitura de Porto Alegre (consulta atual)
2237237,UNIDADE DE SAUDE MILTA RODRIGUES,Jardim Carvalho,CNES/DATASUS ou Prefeitura de Porto Alegre (consulta atual)
2237245,UNIDADE DE SAUDE ASSIS BRASIL,Sarandi,CNES/DATASUS ou Prefeitura de Porto Alegre (consulta atual)
2237253,IRMANDADE DA SANTA CASA DE MISERICORDIA DE PORTO ALEGRE,Centro,CNES/DATASUS ou Prefeitura de Porto Alegre (consulta atual)
2237288,UNIDADE DE SAUDE APARICIO BORGES,Coronel Aparício Borges,CNES/DATASUS ou Prefeitura de Porto Alegre (consulta atual)
2237318,UNIDADE DE SAUDE CRISTAL,Santa Tereza,CNES/DATASUS ou Prefeitura de Porto Alegre (consulta atual)
2237342,UNIDADE DE SAUDE MAPA,Lomba do Pinheiro,CNES/DATASUS ou Prefeitura de Porto Alegre (consulta atual)
2237350,UNIDADE DE SAUDE RECREIO DA DIVISA,Lomba do Pinheiro,CNES/DATASUS ou Prefeitura de Porto Alegre (consulta atual)
2237369,UNIDADE DE SAUDE BANANEIRAS,Coronel Aparício Borges,CNES/DATASUS ou Prefeitura de Porto Alegre (consulta atual)
2237377,UNIDADE DE SAUDE SAO JOSE,São José,CNES/DATASUS ou Prefeitura de Porto Alegre (consulta atual)
2237423,UNIDADE DE SAUDE SAO BORJA,Sarandi,CNES/DATASUS ou Prefeitura de Porto Alegre (consulta atual)
2237458,UNIDADE DE SAUDE HERDEIROS,Agronomia,CNES/DATASUS ou Prefeitura de Porto Alegre (consulta atual)
2237539,UNIDADE DE SAUDE CAMPOS DO CRISTAL,Vila Nova,CNES/DATASUS ou Prefeitura de Porto Alegre (consulta atual)
2237571,HOSPITAL NOSSA SENHORA DA CONCEICAO,Cristo Redentor,CNES/DATASUS ou Prefeitura de Porto Alegre (consulta atual)
2237598,HOSPITAL DIVINA PROVIDENCIA,Glória,CNES/DATASUS ou Prefeitura de Porto Alegre (consulta atual)
2237601,HOSPITAL DE CLINICAS,Santana,CNES/DATASUS
2237733,UNIDADE DE SAUDE TIJUCA,Morro Santana,CNES/DATASUS ou Prefeitura de Porto Alegre (consulta atual)
2237792,CLINICA DA FAMILIA MORRO SANTANA,Protásio Alves,CNES/DATASUS ou Prefeitura de Porto Alegre (consulta atual)
2237822,HOSPITAL MATERNO INFANTIL PRESIDENTE VARGAS,Independência,CNES/DATASUS ou Prefeitura de Porto Alegre (consulta atual)
2237903,UNIDADE DE SAUDE GRACILIANO RAMOS,Cascata,CNES/DATASUS ou Prefeitura de Porto Alegre (consulta atual)
2237911,UNIDADE DE SAUDE SAFIRA NOVA,Mário Quintana,CNES/DATASUS ou Prefeitura de Porto Alegre (consulta atual)
2237946,UNIDADE DE SAUDE JARDIM CARVALHO,Jardim Carvalho,CNES/DATASUS ou Prefeitura de Porto Alegre (consulta atual)
2237954,UNIDADE DE SAUDE JARDIM PROTASIO ALVES,Jardim Protásio Alves,CNES/DATASUS ou Prefeitura de Porto Alegre (consulta atual)
2262568,HOSPITAL SAO LUCAS DA PUCRS,Partenon,CNES/DATASUS ou Prefeitura de Porto Alegre (consulta atual)
2264196,UNIDADE DE SAUDE JARDIM DA FAPA,Mário Quintana,CNES/DATASUS ou Prefeitura de Porto Alegre (consulta atual)
2264218,UNIDADE DE SAUDE BECO DOS COQUEIROS,Passo das Pedras,CNES/DATASUS ou Prefeitura de Porto Alegre (consulta atual)
2264226,UNIDADE DE SAUDE SAO GABRIEL,Camaquã,CNES/DATASUS ou Prefeitura de Porto Alegre (consulta atual)
2264234,UNIDADE DE SAUDE QUINTA UNIDADE,Restinga,CNES/DATASUS ou Prefeitura de Porto Alegre (consulta atual)
2264250,UNIDADE DE SAUDE PASSO DAS PEDRAS II,Passo das Pedras,CNES/DATASUS ou Prefeitura de Porto Alegre (consulta atual)
2264269,UNIDADE DE SAUDE MARIA DA CONCEICAO MARCELO MARTINS MOREIRA,Partenon,CNES/DATASUS ou Prefeitura de Porto Alegre (consulta atual)
2264285,UNIDADE DE SAUDE FARRAPOS,Farrapos,CNES/DATASUS ou Prefeitura de Porto Alegre (consulta atual)
2264315,UNIDADE DE SAUDE SANTA TEREZA,Santa Tereza,CNES/DATASUS ou Prefeitura de Porto Alegre (consulta atual)
2264331,CLINICA DA FAMILIA NAVEGANTES,São Geraldo,CNES/DATASUS ou Prefeitura de Porto Alegre (consulta atual)
2264366,UNIDADE DE SAUDE ILHA DOS MARINHEIROS,Arquipélago,CNES/DATASUS ou Prefeitura de Porto Alegre (consulta atual)
2264374,CLINICA DA FAMILIA DIRETOR PESTANA,Farrapos,CNES/DATASUS ou Prefeitura de Porto Alegre (consulta atual)
2264382,UNIDADE DE SAUDE SANTA CECILIA,Santa Cecília,CNES/DATASUS ou Prefeitura de Porto Alegre (consulta atual)
2264390,CLINICA DA FAMILIA MODELO,Santana,CNES/DATASUS ou Prefeitura de Porto Alegre (consulta atual)
2264404,CLINICA DA FAMILIA JOSE MAURO CERATTI LOPES,Restinga,CNES/DATASUS ou Prefeitura de Porto Alegre (consulta atual)
2264412,UNIDADE DE SAUDE CHACARA DO BANCO,Restinga,CNES/DATASUS ou Prefeitura de Porto Alegre (consulta atual)
2264420,UNIDADE DE SAUDE CIDADE DE DEUS,Cavalhada,CNES/DATASUS ou Prefeitura de Porto Alegre (consulta atual)
2264439,UNIDADE DE SAUDE MORRO DOS SARGENTOS,Serraria,CNES/DATASUS ou Prefeitura de Porto Alegre (consulta atual)
2264447,UNIDADE DE SAUDE SAO VICENTE MARTIR,Camaquã,CNES/DATASUS ou Prefeitura de Porto Alegre (consulta atual)
2264455,UNIDADE DE SAUDE PONTA GROSSA,Ponta Grossa,CNES/DATASUS ou Prefeitura de Porto Alegre (consulta atual)
2264463,UNIDADE DE SAUDE BECO DO ADELAR,Aberta dos Morros,CNES/DATASUS ou Prefeitura de Porto Alegre (consulta atual)
2264471,CLINICA DA FAMILIA BELEM NOVO,Belém Novo,CNES/DATASUS ou Prefeitura de Porto Alegre (consulta atual)
2264501,UNIDADE DE SAUDE CALABRIA,Vila Nova,CNES/DATASUS ou Prefeitura de Porto Alegre (consulta atual)
2264528,UNIDADE DE SAUDE CAMAQUA,Camaquã,CNES/DATASUS ou Prefeitura de Porto Alegre (consulta atual)
2264536,UNIDADE DE SAUDE CAMPO NOVO,Campo Novo,CNES/DATASUS ou Prefeitura de Porto Alegre (consulta atual)
2264552,UNIDADE DE SAUDE JARDIM DAS PALMEIRAS,Cavalhada,CNES/DATASUS ou Prefeitura de Porto Alegre (consulta atual)
2264560,UNIDADE DE SAUDE LAMI,Lami,CNES/DATASUS ou Prefeitura de Porto Alegre (consulta atual)
2264579,UNIDADE DE SAUDE MONTE CRISTO,Vila Nova,CNES/DATASUS ou Prefeitura de Porto Alegre (consulta atual)
2264587,UNIDADE DE SAUDE RESTINGA,Restinga,CNES/DATASUS ou Prefeitura de Porto Alegre (consulta atual)
2264595,CLINICA DA FAMILIA TRISTEZA,Tristeza,CNES/DATASUS ou Prefeitura de Porto Alegre (consulta atual)
2264609,UNIDADE DE SAUDE MACEDONIA,Restinga,CNES/DATASUS ou Prefeitura de Porto Alegre (consulta atual)
2264633,UNIDADE DE SAUDE NOVA BRASILIA,Sarandi,CNES/DATASUS ou Prefeitura de Porto Alegre (consulta atual)
2264684,UNIDADE DE SAUDE SARANDI,Sarandi,CNES/DATASUS ou Prefeitura de Porto Alegre (consulta atual)
2264692,UNIDADE DE SAUDE SANTA ROSA,Rubem Berta,CNES/DATASUS ou Prefeitura de Porto Alegre (consulta atual)
2264706,UNIDADE DE SAUDE RAMOS,Rubem Berta,CNES/DATASUS ou Prefeitura de Porto Alegre (consulta atual)
2264714,UNIDADE DE SAUDE JENOR JARROS,Rubem Berta,CNES/DATASUS ou Prefeitura de Porto Alegre (consulta atual)
2264757,UNIDADE DE SAUDE VICOSA,Vila Viçosa,CNES/DATASUS ou Prefeitura de Porto Alegre (consulta atual)
2264765,UNIDADE DE SAUDE MATO SAMPAIO,Bom Jesus,CNES/DATASUS ou Prefeitura de Porto Alegre (consulta atual)
2264773,UNIDADE DE SAUDE VILA BRASILIA,Jardim Carvalho,CNES/DATASUS ou Prefeitura de Porto Alegre (consulta atual)
2264781,UNIDADE DE SAUDE VILA PINTO,Bom Jesus,CNES/DATASUS ou Prefeitura de Porto Alegre (consulta atual)
2264803,UNIDADE DE SAUDE LARANJEIRAS,Morro Santana,CNES/DATASUS ou Prefeitura de Porto Alegre (consulta atual)
2264811,UNIDADE DE SAUDE VILA IPIRANGA,Vila Ipiranga,CNES/DATASUS ou Prefeitura de Porto Alegre (consulta atual)
2264838,UNIDADE DE SAUDE SAO CARLOS,Partenon,CNES/DATASUS ou Prefeitura de Porto Alegre (consulta atual)
2264846,UNIDADE DE SAUDE VILA JARDIM,Bom Jesus,CNES/DATASUS ou Prefeitura de Porto Alegre (consulta atual)
2264854,UNIDADE DE SAUDE SAO CRISTOVAO,Rubem Berta,CNES/DATASUS ou Prefeitura de Porto Alegre (consulta atual)
2264862,UNIDADE DE SAUDE RUBEM BERTA,Rubem Berta,CNES/DATASUS ou Prefeitura de Porto Alegre (consulta atual)
2264870,UNIDADE DE SAUDE CHACARA DA FUMACA,Mário Quintana,CNES/DATASUS ou Prefeitura de Porto Alegre (consulta atual)
2264897,UNIDADE DE SAUDE WENCESLAU FONTOURA,Mário Quintana,CNES/DATASUS ou Prefeitura de Porto Alegre (consulta atual)
2264900,UNIDADE DE SAUDE BATISTA FLORES,Mário Quintana,CNES/DATASUS ou Prefeitura de Porto Alegre (consulta atual)
2264935,UNIDADE DE SAUDE SANTA ANITA,Nonoai,CNES/DATASUS ou Prefeitura de Porto Alegre (consulta atual)
2264943,UNIDADE DE SAUDE ALTO ERECHIM,Nonoai,CNES/DATASUS ou Prefeitura de Porto Alegre (consulta atual)
2264951,UNIDADE DE SAUDE JARDIM CASCATA,Cascata,CNES/DATASUS ou Prefeitura de Porto Alegre (consulta atual)
2264986,CLINICA DA FAMILIA PRIMEIRO DE MAIO,Cascata,CNES/DATASUS ou Prefeitura de Porto Alegre (consulta atual)
2265001,UNIDADE DE SAUDE NONOAI,Nonoai,CNES/DATASUS ou Prefeitura de Porto Alegre (consulta atual)
2265036,UNIDADE DE SAUDE VILA CRUZEIRO,Santa Tereza,CNES/DATASUS ou Prefeitura de Porto Alegre (consulta atual)
2265044,UNIDADE DE SAUDE GLORIA,Glória,CNES/DATASUS ou Prefeitura de Porto Alegre (consulta atual)
2265052,HOSPITAL FEMINA,Rio Branco,CNES/DATASUS ou Prefeitura de Porto Alegre (consulta atual)
2265060,HOSPITAL CRISTO REDENTOR,Cristo Redentor,CNES/DATASUS ou Prefeitura de Porto Alegre (consulta atual)
2265079,UNIDADE DE SAUDE JARDIM ITU,Jardim Itu-Sabará,CNES/DATASUS ou Prefeitura de Porto Alegre (consulta atual)
2265109,UNIDADE DE SAUDE FLORESTA,Jardim Floresta,CNES/DATASUS ou Prefeitura de Porto Alegre (consulta atual)
2265125,UNIDADE DE SAUDE JARDIM LEOPOLDINA,Protásio Alves,CNES/DATASUS ou Prefeitura de Porto Alegre (consulta atual)
2265133,UNIDADE DE SAUDE SESC,Vila Jardim,CNES/DATASUS ou Prefeitura de Porto Alegre (consulta atual)
2265168,UNIDADE DE SAUDE CONCEICAO,Cristo Redentor,CNES/DATASUS ou Prefeitura de Porto Alegre (consulta atual)
2265176,UNIDADE DE SAUDE SANTISSIMA TRINDADE,Rubem Berta,CNES/DATASUS ou Prefeitura de Porto Alegre (consulta atual)
2265184,UNIDADE DE SAUDE DIVINA PROVIDENCIA,Vila Jardim,CNES/DATASUS ou Prefeitura de Porto Alegre (consulta atual)
2265206,UNIDADE DE SAUDE NOSSA SENHORA APARECIDA,Sarandi,CNES/DATASUS ou Prefeitura de Porto Alegre (consulta atual)
2265214,UNIDADE DE SAUDE PASSO DAS PEDRAS I,Passo das Pedras,CNES/DATASUS ou Prefeitura de Porto Alegre (consulta atual)
2693402,PRONTO ATENDIMENTO LOMBA DO PINHEIRO,Lomba do Pinheiro,CNES/DATASUS ou Prefeitura de Porto Alegre (consulta atual)
2693437,UNIDADE DE SAUDE GUARUJA,Guarujá,CNES/DATASUS ou Prefeitura de Porto Alegre (consulta atual)
2693801,ASSOCIACAO HOSPITALAR VILA NOVA,Vila Nova,CNES/DATASUS ou Prefeitura de Porto Alegre (consulta atual)
2778718,HPS,Centro Histórico,CNES/DATASUS ou Prefeitura de Porto Alegre (consulta atual)
3006522,HOSPITAL MOINHOS DE VENTO,Moinhos de Vento,CNES/DATASUS ou Prefeitura de Porto Alegre (consulta atual)
3007847,HOSPITAL MAE DE DEUS,Tristeza,CNES/DATASUS ou Prefeitura de Porto Alegre (consulta atual)
3306453,UNIDADE DE SAUDE NOSSA SENHORA DAS GRACAS,Cristal,CNES/DATASUS ou Prefeitura de Porto Alegre (consulta atual)
3321401,UNIDADE DE SAUDE SANTA MARIA,Rubem Berta,CNES/DATASUS ou Prefeitura de Porto Alegre (consulta atual)
3321428,UNIDADE DE SAUDE SANTA FE,Rubem Berta,CNES/DATASUS ou Prefeitura de Porto Alegre (consulta atual)
3437159,UNIDADE DE SAUDE MARIO QUINTANA,Farrapos,CNES/DATASUS ou Prefeitura de Porto Alegre (consulta atual)
3567664,HOSPITAL ERNESTO DORNELLES,Azenha,CNES/DATASUS ou Prefeitura de Porto Alegre (consulta atual)
3927997,UNIDADE DE SAUDE SANTO AGOSTINHO,Sarandi,CNES/DATASUS ou Prefeitura de Porto Alegre (consulta atual)
3979938,UNIDADE DE SAUDE DIVISA,Cristal,CNES/DATASUS ou Prefeitura de Porto Alegre (consulta atual)
4060431,SAE MURIALDO,Partenon,CNES/DATASUS ou Prefeitura de Porto Alegre (consulta atual)
4372336,HOSPITAL DOCTOR CLIN,Azenha,CNES/DATASUS ou Prefeitura de Porto Alegre (consulta atual)
4560191,SAUDE PRISIONAL NUGESP,Partenon,CNES/DATASUS ou Prefeitura de Porto Alegre (consulta atual)
5007518,UNIDADE DE SAUDE RINCAO,Belém Velho,CNES/DATASUS ou Prefeitura de Porto Alegre (consulta atual)
5026253,HOSPITAL PORTO ALEGRE,Floresta,CNES/DATASUS ou Prefeitura de Porto Alegre (consulta atual)
5473764,UNIDADE DE SAUDE SANTA HELENA,Lomba do Pinheiro,CNES/DATASUS ou Prefeitura de Porto Alegre (consulta atual)
5473810,UNIDADE DE SAUDE LOMBA DO PINHEIRO,Lomba do Pinheiro,CNES/DATASUS ou Prefeitura de Porto Alegre (consulta atual)
5878632,UNIDADE DE SAUDE PANORAMA,Lomba do Pinheiro,CNES/DATASUS ou Prefeitura de Porto Alegre (consulta atual)
6130917,UNIDADE DE SAUDE NOSSA SENHORA DE BELEM,Belém Velho,CNES/DATASUS ou Prefeitura de Porto Alegre (consulta atual)
6883184,CLINICA DA FAMILIA MOAB CALDAS,Santa Tereza,CNES/DATASUS ou Prefeitura de Porto Alegre (consulta atual)
6883257,UNIDADE DE SAUDE BOM JESUS,Bom Jesus,CNES/DATASUS ou Prefeitura de Porto Alegre (consulta atual)
6883303,CLINICA DA FAMILIA IAPI,Passo da Areia,CNES/DATASUS ou Prefeitura de Porto Alegre (consulta atual)
6883354,CLINICA DA FAMILIA SANTA MARTA,Centro Histórico,CNES/DATASUS ou Prefeitura de Porto Alegre (consulta atual)
6924441,CRTB NAVEGANTES,Navegantes,CNES/DATASUS ou Prefeitura de Porto Alegre (consulta atual)
6924468,CRTB VILA DOS COMERCIARIOS,Santa Tereza,CNES/DATASUS ou Prefeitura de Porto Alegre (consulta atual)
6924506,SAE VILA COMERCIARIOS,Santa Tereza,CNES/DATASUS ou Prefeitura de Porto Alegre (consulta atual)
6925464,CRTB BOM JESUS,Bom Jesus,CNES/DATASUS ou Prefeitura de Porto Alegre (consulta atual)
6950086,SAE IAPI,Passo da Areia,CNES/DATASUS ou Prefeitura de Porto Alegre (consulta atual)
6957374,CRTB CENTRO,Centro Histórico,CNES/DATASUS ou Prefeitura de Porto Alegre (consulta atual)
6957544,SAUDE PRISIONAL MADRE PELLETIER,Teresópolis,CNES/DATASUS ou Prefeitura de Porto Alegre (consulta atual)
6957560,SAUDE PRISIONAL CPPA,Partenon,CNES/DATASUS ou Prefeitura de Porto Alegre (consulta atual)
7049579,UNIDADE DE SAUDE FRADIQUE VIZEU,Navegantes,CNES/DATASUS ou Prefeitura de Porto Alegre (consulta atual)
7076584,UNIDADE DE SAUDE CHAPEU DO SOL,Chapéu do Sol,CNES/DATASUS ou Prefeitura de Porto Alegre (consulta atual)
7092571,HOSPITAL INDEPENDENCIA,Passo d'Areia,CNES/DATASUS ou Prefeitura de Porto Alegre (consulta atual)
7114893,UNIDADE DE PRONTO ATENDIMENTO ZONA NORTE MOACYR SCLIAR,Não verificado,Não verificado
7150547,UNIDADE DE SAUDE VILA FATIMA,Bom Jesus,CNES/DATASUS ou Prefeitura de Porto Alegre (consulta atual)
7210280,SAE SANTA MARTA,Centro Histórico,CNES/DATASUS ou Prefeitura de Porto Alegre (consulta atual)
7449283,UNIDADE DE SAUDE DOMENICO FEOLI,Rubem Berta,CNES/DATASUS ou Prefeitura de Porto Alegre (consulta atual)
7497547,UNIDADE DE SAUDE NUCLEO ESPERANCA,Restinga,CNES/DATASUS ou Prefeitura de Porto Alegre (consulta atual)
7513151,HOSPITAL RESTINGA E EXTREMO SUL,Restinga,CNES/DATASUS ou Prefeitura de Porto Alegre (consulta atual)
7517904,UNIDADE DE SAUDE PAULO AVILA,Cavalhada,CNES/DATASUS ou Prefeitura de Porto Alegre (consulta atual)
8005087,CRAIP CENTRO REGIONALIZADO DE ATENCAO INTEGRAL ADS,Centro Histórico,CNES/DATASUS ou Prefeitura de Porto Alegre (consulta atual)
8006822,UNIDADE DE SAUDE VILA VARGAS,Agronomia,CNES/DATASUS ou Prefeitura de Porto Alegre (consulta atual)
8006830,UNIDADE DE SAUDE CERES,Partenon,CNES/DATASUS ou Prefeitura de Porto Alegre (consulta atual)
8006849,UNIDADE DE SAUDE ERNESTO ARAUJO,Partenon,CNES/DATASUS ou Prefeitura de Porto Alegre (consulta atual)
8006865,CLINICA DA FAMILIA CAMPO DA TUCA,Partenon,CNES/DATASUS ou Prefeitura de Porto Alegre (consulta atual)
8006873,UNIDADE DE SAUDE MORRO DA CRUZ,Partenon,CNES/DATASUS ou Prefeitura de Porto Alegre (consulta atual)
8006903,UNIDADE DE SAUDE SANTO ALFREDO,Partenon,CNES/DATASUS ou Prefeitura de Porto Alegre (consulta atual)
8011060,DIRETORIA DE VIGILANCIA EM SAUDE,Centro Histórico,CNES/DATASUS ou Prefeitura de Porto Alegre (consulta atual)
8013632,UNIDADE DE SAUDE MORADAS DA HIPICA,Hípica,CNES/DATASUS ou Prefeitura de Porto Alegre (consulta atual)
