ID_UNID_AT;NOME_UNIDADE
0423947;IPARGS
0433594;CLINICA DA FAMILIA ALVARO DIFINI
0507237;HOSPITAL HUMANIZA
0804959;SAUDE PRISIONAL PEPOA
2237121;HOSPITAL SANATORIO PARTENON
2237148;PRONTO ATENDIMENTO CRUZEIRO DO SUL
2237180;HEPA
2237210;UNIDADE DE SAUDE TIMBAUVA
2237237;UNIDADE DE SAUDE MILTA RODRIGUES
2237245;UNIDADE DE SAUDE ASSIS BRASIL
2237253;IRMANDADE DA SANTA CASA DE MISERICORDIA DE PORTO ALEGRE
2237288;UNIDADE DE SAUDE APARICIO BORGES
2237318;UNIDADE DE SAUDE CRISTAL
2237342;UNIDADE DE SAUDE MAPA
2237350;UNIDADE DE SAUDE RECREIO DA DIVISA
2237369;UNIDADE DE SAUDE BANANEIRAS
2237377;UNIDADE DE SAUDE SAO JOSE
2237423;UNIDADE DE SAUDE SAO BORJA
2237458;UNIDADE DE SAUDE HERDEIROS
2237539;UNIDADE DE SAUDE CAMPOS DO CRISTAL
2237571;HOSPITAL NOSSA SENHORA DA CONCEICAO
2237598;HOSPITAL DIVINA PROVIDENCIA
2237601;HOSPITAL DE CLINICAS
2237733;UNIDADE DE SAUDE TIJUCA
2237792;CLINICA DA FAMILIA MORRO SANTANA
2237822;HOSPITAL MATERNO INFANTIL PRESIDENTE VARGAS
2237903;UNIDADE DE SAUDE GRACILIANO RAMOS
2237911;UNIDADE DE SAUDE SAFIRA NOVA
2237946;UNIDADE DE SAUDE JARDIM CARVALHO
2237954;UNIDADE DE SAUDE JARDIM PROTASIO ALVES
2262568;HOSPITAL SAO LUCAS DA PUCRS
2264196;UNIDADE DE SAUDE JARDIM DA FAPA
2264218;UNIDADE DE SAUDE BECO DOS COQUEIROS
2264226;UNIDADE DE SAUDE SAO GABRIEL
2264234;UNIDADE DE SAUDE QUINTA UNIDADE
2264250;UNIDADE DE SAUDE PASSO DAS PEDRAS II
2264269;UNIDADE DE SAUDE MARIA DA CONCEICAO MARCELO MARTINS MOREIRA
2264285;UNIDADE DE SAUDE FARRAPOS
2264315;UNIDADE DE SAUDE SANTA TEREZA
2264331;CLINICA DA FAMILIA NAVEGANTES
2264366;UNIDADE DE SAUDE ILHA DOS MARINHEIROS
2264374;CLINICA DA FAMILIA DIRETOR PESTANA
2264382;UNIDADE DE SAUDE SANTA CECILIA
2264390;CLINICA DA FAMILIA MODELO
2264404;CLINICA DA FAMILIA JOSE MAURO CERATTI LOPES
2264412;UNIDADE DE SAUDE CHACARA DO BANCO
2264420;UNIDADE DE SAUDE CIDADE DE DEUS
2264439;UNIDADE DE SAUDE MORRO DOS SARGENTOS
2264447;UNIDADE DE SAUDE SAO VICENTE MARTIR
2264455;UNIDADE DE SAUDE PONTA GROSSA
2264463;UNIDADE DE SAUDE BECO DO ADELAR
2264471;CLINICA DA FAMILIA BELEM NOVO
2264501;UNIDADE DE SAUDE CALABRIA
2264528;UNIDADE DE SAUDE CAMAQUA
2264536;UNIDADE DE SAUDE CAMPO NOVO
2264552;UNIDADE DE SAUDE JARDIM DAS PALMEIRAS
2264560;UNIDADE DE SAUDE LAMI
2264579;UNIDADE DE SAUDE MONTE CRISTO
2264587;UNIDADE DE SAUDE RESTINGA
2264595;CLINICA DA FAMILIA TRISTEZA
2264609;UNIDADE DE SAUDE MACEDONIA
2264633;UNIDADE DE SAUDE NOVA BRASILIA
2264684;UNIDADE DE SAUDE SARANDI
2264692;UNIDADE DE SAUDE SANTA ROSA
2264706;UNIDADE DE SAUDE RAMOS
2264714;UNIDADE DE SAUDE JENOR JARROS
2264757;UNIDADE DE SAUDE VICOSA
2264765;UNIDADE DE SAUDE MATO SAMPAIO
2264773;UNIDADE DE SAUDE VILA BRASILIA
2264781;UNIDADE DE SAUDE VILA PINTO
2264803;UNIDADE DE SAUDE LARANJEIRAS
2264811;UNIDADE DE SAUDE VILA IPIRANGA
2264838;UNIDADE DE SAUDE SAO CARLOS
2264846;UNIDADE DE SAUDE VILA JARDIM
2264854;UNIDADE DE SAUDE SAO CRISTOVAO
2264862;UNIDADE DE SAUDE RUBEM BERTA
2264870;UNIDADE DE SAUDE CHACARA DA FUMACA
2264897;UNIDADE DE SAUDE WENCESLAU FONTOURA
2264900;UNIDADE DE SAUDE BATISTA FLORES
2264935;UNIDADE DE SAUDE SANTA ANITA
2264943;UNIDADE DE SAUDE ALTO ERECHIM
2264951;UNIDADE DE SAUDE JARDIM CASCATA
2264986;CLINICA DA FAMILIA PRIMEIRO DE MAIO
2265001;UNIDADE DE SAUDE NONOAI
2265036;UNIDADE DE SAUDE VILA CRUZEIRO
2265044;UNIDADE DE SAUDE GLORIA
2265052;HOSPITAL FEMINA
2265060;HOSPITAL CRISTO REDENTOR
2265079;UNIDADE DE SAUDE JARDIM ITU
2265109;UNIDADE DE SAUDE FLORESTA
2265125;UNIDADE DE SAUDE JARDIM LEOPOLDINA
2265133;UNIDADE DE SAUDE SESC
2265168;UNIDADE DE SAUDE CONCEICAO
2265176;UNIDADE DE SAUDE SANTISSIMA TRINDADE
2265184;UNIDADE DE SAUDE DIVINA PROVIDENCIA
2265206;UNIDADE DE SAUDE NOSSA SENHORA APARECIDA
2265214;UNIDADE DE SAUDE PASSO DAS PEDRAS I
2693402;PRONTO ATENDIMENTO LOMBA DO PINHEIRO
2693437;UNIDADE DE SAUDE GUARUJA
2693801;ASSOCIACAO HOSPITALAR VILA NOVA
2778718;HPS
3006522;HOSPITAL MOINHOS DE VENTO
3007847;HOSPITAL MAE DE DEUS
3306453;UNIDADE DE SAUDE NOSSA SENHORA DAS GRACAS
3321401;UNIDADE DE SAUDE SANTA MARIA
3321428;UNIDADE DE SAUDE SANTA FE
3437159;UNIDADE DE SAUDE MARIO QUINTANA
3567664;HOSPITAL ERNESTO DORNELLES
3927997;UNIDADE DE SAUDE SANTO AGOSTINHO
3979938;UNIDADE DE SAUDE DIVISA
4060431;SAE MURIALDO
4372336;HOSPITAL DOCTOR CLIN
4560191;SAUDE PRISIONAL NUGESP
5007518;UNIDADE DE SAUDE RINCAO
5026253;HOSPITAL PORTO ALEGRE
5473764;UNIDADE DE SAUDE SANTA HELENA
5473810;UNIDADE DE SAUDE LOMBA DO PINHEIRO
5878632;UNIDADE DE SAUDE PANORAMA
6130917;UNIDADE DE SAUDE NOSSA SENHORA DE BELEM
6883184;CLINICA DA FAMILIA MOAB CALDAS
6883257;UNIDADE DE SAUDE BOM JESUS
6883303;CLINICA DA FAMILIA IAPI
6883354;CLINICA DA FAMILIA SANTA MARTA
6924441;CRTB NAVEGANTES
6924468;CRTB VILA DOS COMERCIARIOS
6924506;SAE VILA COMERCIARIOS
6925464;CRTB BOM JESUS
6950086;SAE IAPI
6957374;CRTB CENTRO
6957544;SAUDE PRISIONAL MADRE PELLETIER
6957560;SAUDE PRISIONAL CPPA
7049579;UNIDADE DE SAUDE FRADIQUE VIZEU
7076584;UNIDADE DE SAUDE CHAPEU DO SOL
7092571;HOSPITAL INDEPENDENCIA
7114893;UNIDADE DE PRONTO ATENDIMENTO ZONA NORTE MOACYR SCLIAR
7150547;UNIDADE DE SAUDE VILA FATIMA
7210280;SAE SANTA MARTA
7449283;UNIDADE DE SAUDE DOMENICO FEOLI
7497547;UNIDADE DE SAUDE NUCLEO ESPERANCA
7513151;HOSPITAL RESTINGA E EXTREMO SUL
7517904;UNIDADE DE SAUDE PAULO AVILA
8005087;CRAIP CENTRO REGIONALIZADO DE ATENCAO INTEGRAL ADS
8006822;UNIDADE DE SAUDE VILA VARGAS
8006830;UNIDADE DE SAUDE CERES
8006849;UNIDADE DE SAUDE ERNESTO ARAUJO
8006865;CLINICA DA FAMILIA CAMPO DA TUCA
8006873;UNIDADE DE SAUDE MORRO DA CRUZ
8006903;UNIDADE DE SAUDE SANTO ALFREDO
8011060;DIRETORIA DE VIGILANCIA EM SAUDE
8013632;UNIDADE DE SAUDE MORADAS DA HIPICA
